{"Labels": {"_type": "images/separated", "width": 1600, "height": 1600, "format": "jpg", "count": 2, "captions": ["labels.jpg", "labels_correlogram.jpg"]}, "Mosaics": {"_type": "images/separated", "width": 1920, "height": 1920, "format": "jpg", "count": 3, "captions": ["train_batch0.jpg", "train_batch1.jpg", "train_batch2.jpg"]}, "train/box_loss": 0.11162105202674866, "train/obj_loss": 0.04930611699819565, "train/cls_loss": 0.024200592190027237, "metrics/precision": 0.001058609604680606, "metrics/recall": 0.03865979381443299, "metrics/mAP_0.5": 0.0005947099494918752, "metrics/mAP_0.5:0.95": 9.437605741919655e-05, "val/box_loss": 0.10298198461532593, "val/obj_loss": 0.036328695714473724, "val/cls_loss": 0.02170024812221527, "x/lr0": 0.00026991673591399807, "x/lr1": 0.00026991673591399807, "x/lr2": 0.097569916735914, "_runtime": 287, "_timestamp": 1644860562, "_step": 4, "_wandb": {"runtime": 144}}