{"best/epoch": 1, "best/precision": 0.11784168446774528, "best/recall": 0.1322036382894997, "best/mAP_0.5": 0.05322846580543652, "best/mAP_0.5:0.95": 0.012476859389091946, "Labels": [], "Mosaics": {"_type": "images/separated", "width": 1920, "height": 1920, "format": "jpg", "count": 3, "captions": ["train_batch0.jpg", "train_batch1.jpg", "train_batch2.jpg"]}, "train/box_loss": 0.07711553573608398, "train/obj_loss": 0.04985425993800163, "train/cls_loss": 0.02255343645811081, "metrics/precision": 0.12706125609470112, "metrics/recall": 0.12736487368696092, "metrics/mAP_0.5": 0.05445852297069287, "metrics/mAP_0.5:0.95": 0.012960129117509179, "val/box_loss": 0.07681521773338318, "val/obj_loss": 0.03968365490436554, "val/cls_loss": 0.01995258219540119, "x/lr0": 0.003661473087818697, "x/lr1": 0.003661473087818697, "x/lr2": 0.03708923512747876, "BoundingBoxDebugger": {"_type": "images/separated", "width": 672, "height": 512, "format": "png", "count": 16, "captions": ["IS20190605_082950_0831_00001CC6.fe72d0613e4d5c2ea348.JPG", "IS20190605_082950_0831_00001CC6.dceb7f73409cdac53a9d.JPG", "IS20190605_082950_0831_00001CC6.b8798370ef9507264856.JPG", "IS20190605_082950_0831_00001CC6.a560cf04ed42937cd60c.JPG", "IS20190605_082950_0831_00001CC6.76c7c4ed5e03bf5ef19f.JPG", "IS20190605_082950_0831_00001CC6.68600567a91cafbce465.JPG", "IS20190605_082950_0831_00001CC6.224485af4385da9d52b9.JPG", "IS20180801_113839_0582_00000198.af6ad6b6fcb41b0b4a36.JPG", "IS20180801_113839_0582_00000198.8ec6ba112e61b4267873.JPG", "IX20191024_112750_0912_0000375E.35ba50826e3ac731153a.JPG", "IX20191024_112750_0912_0000375E.519054514029660ec209.JPG", "IX20191024_112750_0912_0000375E.8179e3443464c2444c88.JPG", "IX20191023_140244_0641_0000373D.19bfd39e6412b6be144e.JPG", "IX20191023_140244_0641_0000373D.c70199560a361e22b2f6.JPG", "IS20190911_143430_0468_0000327C.129c132d7861926c0c58.JPG", "IS20190911_143430_0468_0000327C.0ba57b63419b6f2535d7.JPG"], "all_boxes": [{"predictions": {"_type": "boxes2D", "path": "media/metadata/boxes2D/BoundingBoxDebugger_1_00.boxes2D.json", "sha256": "80836419bbc875ecd33e6024921b728170beb19de4b9e76e6b1d359d88aa3c64", "size": 59633}}, {"predictions": {"_type": "boxes2D", "path": "media/metadata/boxes2D/BoundingBoxDebugger_1_10.boxes2D.json", "sha256": "80836419bbc875ecd33e6024921b728170beb19de4b9e76e6b1d359d88aa3c64", "size": 59633}}, {"predictions": {"_type": "boxes2D", "path": "media/metadata/boxes2D/BoundingBoxDebugger_1_20.boxes2D.json", "sha256": "80836419bbc875ecd33e6024921b728170beb19de4b9e76e6b1d359d88aa3c64", "size": 59633}}, {"predictions": {"_type": "boxes2D", "path": "media/metadata/boxes2D/BoundingBoxDebugger_1_30.boxes2D.json", "sha256": "80836419bbc875ecd33e6024921b728170beb19de4b9e76e6b1d359d88aa3c64", "size": 59633}}, {"predictions": {"_type": "boxes2D", "path": "media/metadata/boxes2D/BoundingBoxDebugger_1_40.boxes2D.json", "sha256": "80836419bbc875ecd33e6024921b728170beb19de4b9e76e6b1d359d88aa3c64", "size": 59633}}, {"predictions": {"_type": "boxes2D", "path": "media/metadata/boxes2D/BoundingBoxDebugger_1_50.boxes2D.json", "sha256": "80836419bbc875ecd33e6024921b728170beb19de4b9e76e6b1d359d88aa3c64", "size": 59633}}, {"predictions": {"_type": "boxes2D", "path": "media/metadata/boxes2D/BoundingBoxDebugger_1_60.boxes2D.json", "sha256": "80836419bbc875ecd33e6024921b728170beb19de4b9e76e6b1d359d88aa3c64", "size": 59633}}, {"predictions": {"_type": "boxes2D", "path": "media/metadata/boxes2D/BoundingBoxDebugger_1_70.boxes2D.json", "sha256": "8b729124b046d07733e8e470e8a9511232ee43495848383c4e28fbf53473f985", "size": 59758}}, {"predictions": {"_type": "boxes2D", "path": "media/metadata/boxes2D/BoundingBoxDebugger_1_80.boxes2D.json", "sha256": "8b729124b046d07733e8e470e8a9511232ee43495848383c4e28fbf53473f985", "size": 59758}}, {"predictions": {"_type": "boxes2D", "path": "media/metadata/boxes2D/BoundingBoxDebugger_1_90.boxes2D.json", "sha256": "36a969b51482e69eb9ebc36039ce21956321c9846e289ea32bcb565f3976cdea", "size": 59517}}, {"predictions": {"_type": "boxes2D", "path": "media/metadata/boxes2D/BoundingBoxDebugger_1_100.boxes2D.json", "sha256": "36a969b51482e69eb9ebc36039ce21956321c9846e289ea32bcb565f3976cdea", "size": 59517}}, {"predictions": {"_type": "boxes2D", "path": "media/metadata/boxes2D/BoundingBoxDebugger_1_110.boxes2D.json", "sha256": "36a969b51482e69eb9ebc36039ce21956321c9846e289ea32bcb565f3976cdea", "size": 59517}}, {"predictions": {"_type": "boxes2D", "path": "media/metadata/boxes2D/BoundingBoxDebugger_1_120.boxes2D.json", "sha256": "40594f738dc45150e7ce36e32f6705e7b771d2d1e0edf82ed4d71579acb98d3f", "size": 59285}}, {"predictions": {"_type": "boxes2D", "path": "media/metadata/boxes2D/BoundingBoxDebugger_1_130.boxes2D.json", "sha256": "40594f738dc45150e7ce36e32f6705e7b771d2d1e0edf82ed4d71579acb98d3f", "size": 59285}}, {"predictions": {"_type": "boxes2D", "path": "media/metadata/boxes2D/BoundingBoxDebugger_1_140.boxes2D.json", "sha256": "131ec7472016f92ded7c764829e97ee74cd9fa7fcb87ba033979e0ce7de6a4e7", "size": 59687}}, {"predictions": {"_type": "boxes2D", "path": "media/metadata/boxes2D/BoundingBoxDebugger_1_150.boxes2D.json", "sha256": "131ec7472016f92ded7c764829e97ee74cd9fa7fcb87ba033979e0ce7de6a4e7", "size": 59687}}]}, "_runtime": 294, "_timestamp": 1643737409, "_step": 2, "Validation": {"_type": "images/separated", "width": 1920, "height": 1464, "format": "jpg", "count": 6, "captions": ["val_batch0_labels.jpg", "val_batch0_pred.jpg", "val_batch1_labels.jpg", "val_batch1_pred.jpg", "val_batch2_labels.jpg", "val_batch2_pred.jpg"]}, "Results": {"_type": "images/separated", "width": 2400, "height": 1200, "format": "png", "count": 6, "captions": ["results.png", "confusion_matrix.png", "F1_curve.png", "PR_curve.png", "P_curve.png", "R_curve.png"]}, "_wandb": {"runtime": 293}}