{"Labels": {"_type": "images/separated", "width": 1600, "height": 1600, "format": "jpg", "count": 2, "captions": ["labels.jpg", "labels_correlogram.jpg"]}, "train/box_loss": 0.12002401798963547, "train/obj_loss": 0.08094649016857147, "train/cls_loss": 0.02776615507900715, "metrics/precision": 0.0011101416704244838, "metrics/recall": 0.005154639175257732, "metrics/mAP_0.5": 0.0003361662077499035, "metrics/mAP_0.5:0.95": 7.841350110821442e-05, "val/box_loss": 0.11620958149433136, "val/obj_loss": 0.03635045140981674, "val/cls_loss": 0.02758028730750084, "x/lr0": 6.997841301474025e-05, "x/lr1": 6.997841301474025e-05, "x/lr2": 0.09936997841301475, "_runtime": 78, "_timestamp": 1643371194, "_step": 1}