{"Labels": {"_type": "images/separated", "width": 1600, "height": 1600, "format": "jpg", "count": 2, "captions": ["labels.jpg", "labels_correlogram.jpg"]}, "train/box_loss": 0.11052978038787842, "train/obj_loss": 0.10207223892211914, "train/cls_loss": 0.027722980827093124, "metrics/precision": 0.001286022616820592, "metrics/recall": 0.002577319587628866, "metrics/mAP_0.5": 0.00038111787447951706, "metrics/mAP_0.5:0.95": 8.568587491511107e-05, "val/box_loss": 0.10726935416460037, "val/obj_loss": 0.03811945021152496, "val/cls_loss": 0.026425786316394806, "x/lr0": 0.0001495841074172956, "x/lr1": 0.0001495841074172956, "x/lr2": 0.0986495841074173, "_runtime": 92, "_timestamp": 1643302369, "_step": 3, "Mosaics": {"_type": "images/separated", "width": 1920, "height": 1920, "format": "jpg", "count": 3, "captions": ["train_batch0.jpg", "train_batch1.jpg", "train_batch2.jpg"]}, "_wandb": {"runtime": 92}}