{"Labels": {"_type": "images/separated", "width": 1600, "height": 1600, "format": "jpg", "count": 2, "captions": ["labels.jpg", "labels_correlogram.jpg"]}, "train/box_loss": 0.11053300648927689, "train/obj_loss": 0.10108301043510437, "train/cls_loss": 0.027742985635995865, "metrics/precision": 0.0020119938567924054, "metrics/recall": 0.002577319587628866, "metrics/mAP_0.5": 0.00043761707404136793, "metrics/mAP_0.5:0.95": 8.691911432032174e-05, "val/box_loss": 0.10772193223237991, "val/obj_loss": 0.037769414484500885, "val/cls_loss": 0.026552371680736542, "x/lr0": 0.0001495841074172956, "x/lr1": 0.0001495841074172956, "x/lr2": 0.0986495841074173, "_runtime": 92, "_timestamp": 1643303079, "_step": 3, "Mosaics": {"_type": "images/separated", "width": 1920, "height": 1920, "format": "jpg", "count": 3, "captions": ["train_batch0.jpg", "train_batch1.jpg", "train_batch2.jpg"]}}