{"Labels": {"_type": "images/separated", "width": 1600, "height": 1600, "format": "jpg", "count": 2, "captions": ["labels.jpg", "labels_correlogram.jpg"]}, "train/box_loss": 0.12004635483026505, "train/obj_loss": 0.08087148517370224, "train/cls_loss": 0.027770061045885086, "metrics/precision": 0.0011011044969066323, "metrics/recall": 0.005154639175257732, "metrics/mAP_0.5": 0.0003361846434090519, "metrics/mAP_0.5:0.95": 7.848143914617492e-05, "val/box_loss": 0.11620825529098511, "val/obj_loss": 0.03634662181138992, "val/cls_loss": 0.027570463716983795, "x/lr0": 6.997841301474025e-05, "x/lr1": 6.997841301474025e-05, "x/lr2": 0.09936997841301475, "_runtime": 74, "_timestamp": 1643372026, "_step": 1, "_wandb": {"runtime": 75}}