{"Labels": {"_type": "images/separated", "width": 1600, "height": 1600, "format": "jpg", "count": 2, "captions": ["labels.jpg", "labels_correlogram.jpg"]}, "train/box_loss": 0.0, "train/obj_loss": 0.014439912512898445, "train/cls_loss": 0.0, "metrics/precision": 0.0008618333501757422, "metrics/recall": 0.005154639175257732, "metrics/mAP_0.5": 0.00033056398898807793, "metrics/mAP_0.5:0.95": 7.41407229822781e-05, "val/box_loss": 0.1196226179599762, "val/obj_loss": 0.028341704979538918, "val/cls_loss": 0.027681589126586914, "x/lr0": 0.00022823224579709723, "x/lr1": 0.00022823224579709723, "x/lr2": 0.09792823224579711, "_runtime": 90, "_timestamp": 1643817201, "_step": 5, "Mosaics": {"_type": "images/separated", "width": 1920, "height": 1920, "format": "jpg", "count": 3, "captions": ["train_batch0.jpg", "train_batch1.jpg", "train_batch2.jpg"]}, "_wandb": {"runtime": 88}}