{"Labels": {"_type": "images/separated", "width": 1600, "height": 1600, "format": "jpg", "count": 2, "captions": ["labels.jpg", "labels_correlogram.jpg"]}, "train/box_loss": 0.09173037111759186, "train/obj_loss": 0.04893224686384201, "train/cls_loss": 0.020442884415388107, "metrics/precision": 0.001281824110462608, "metrics/recall": 0.005154639175257732, "metrics/mAP_0.5": 0.0003368715122007174, "metrics/mAP_0.5:0.95": 8.420837278857608e-05, "val/box_loss": 0.11885631829500198, "val/obj_loss": 0.036094680428504944, "val/cls_loss": 0.02795976586639881, "x/lr0": 3.0000000000000004e-05, "x/lr1": 3.0000000000000004e-05, "x/lr2": 0.09973, "_runtime": 71, "_timestamp": 1643650202, "_step": 0, "_wandb": {"runtime": 71}}