               epoch,      train/box_loss,      train/obj_loss,      train/cls_loss,   metrics/precision,      metrics/recall,     metrics/mAP_0.5,metrics/mAP_0.5:0.95,        val/box_loss,        val/obj_loss,        val/cls_loss,               x/lr0,               x/lr1,               x/lr2
                   0,            0.097427,            0.071687,            0.027506,           0.0019251,            0.010751,          0.00085267,           0.0001714,            0.099927,            0.035638,            0.026689,             0.00045,             0.00045,             0.09595
                   1,            0.077479,            0.097417,            0.026368,            0.013271,            0.074999,           0.0040505,          0.00071043,            0.095138,            0.044636,            0.024928,          0.00090982,          0.00090982,             0.09181
                   2,            0.070871,             0.10063,            0.023961,             0.52704,            0.030137,           0.0073242,           0.0013669,            0.092736,            0.054554,            0.022426,           0.0013689,           0.0013689,            0.087669
                   3,            0.067318,            0.098803,            0.019656,            0.020581,            0.099399,           0.0085383,           0.0014612,            0.092612,            0.049446,            0.019633,           0.0018268,           0.0018268,            0.083527
                   4,            0.065365,            0.095762,            0.015563,            0.023994,             0.06352,           0.0073995,           0.0013464,            0.093306,            0.049442,            0.018412,           0.0022828,           0.0022828,            0.079383
                   5,            0.063241,            0.091301,            0.012639,            0.022279,            0.050079,           0.0071975,           0.0013674,            0.095473,             0.04517,            0.017165,           0.0027365,           0.0027365,            0.075236
                   6,            0.062151,            0.085528,             0.01073,            0.016011,             0.17194,           0.0052245,           0.0010237,            0.089838,            0.056395,            0.042752,           0.0031873,           0.0031873,            0.071087
