{"best/epoch": 1, "best/precision": 0.10506058084104981, "best/recall": 0.14487711094394679, "best/mAP_0.5": 0.05195355738343018, "best/mAP_0.5:0.95": 0.01280614355223319, "Labels": [], "Mosaics": {"_type": "images/separated", "width": 1920, "height": 1920, "format": "jpg", "count": 3, "captions": ["train_batch0.jpg", "train_batch1.jpg", "train_batch2.jpg"]}, "train/box_loss": 0.07715947926044464, "train/obj_loss": 0.04986320808529854, "train/cls_loss": 0.02252575196325779, "metrics/precision": 0.10527590935997662, "metrics/recall": 0.14460858049390227, "metrics/mAP_0.5": 0.051657156328793884, "metrics/mAP_0.5:0.95": 0.012564616267910117, "val/box_loss": 0.07655488699674606, "val/obj_loss": 0.039665088057518005, "val/cls_loss": 0.019781798124313354, "x/lr0": 0.003661473087818697, "x/lr1": 0.003661473087818697, "x/lr2": 0.03708923512747876, "BoundingBoxDebugger": {"_type": "images/separated", "width": 672, "height": 512, "format": "png", "count": 16, "captions": ["IS20190605_082950_0831_00001CC6.fe72d0613e4d5c2ea348.JPG", "IS20190605_082950_0831_00001CC6.dceb7f73409cdac53a9d.JPG", "IS20190605_082950_0831_00001CC6.b8798370ef9507264856.JPG", "IS20190605_082950_0831_00001CC6.a560cf04ed42937cd60c.JPG", "IS20190605_082950_0831_00001CC6.76c7c4ed5e03bf5ef19f.JPG", "IS20190605_082950_0831_00001CC6.68600567a91cafbce465.JPG", "IS20190605_082950_0831_00001CC6.224485af4385da9d52b9.JPG", "IS20180801_113839_0582_00000198.af6ad6b6fcb41b0b4a36.JPG", "IS20180801_113839_0582_00000198.8ec6ba112e61b4267873.JPG", "IX20191024_112750_0912_0000375E.35ba50826e3ac731153a.JPG", "IX20191024_112750_0912_0000375E.519054514029660ec209.JPG", "IX20191024_112750_0912_0000375E.8179e3443464c2444c88.JPG", "IX20191023_140244_0641_0000373D.19bfd39e6412b6be144e.JPG", "IX20191023_140244_0641_0000373D.c70199560a361e22b2f6.JPG", "IS20190911_143430_0468_0000327C.129c132d7861926c0c58.JPG", "IS20190911_143430_0468_0000327C.0ba57b63419b6f2535d7.JPG"], "all_boxes": [{"predictions": {"_type": "boxes2D", "path": "media/metadata/boxes2D/BoundingBoxDebugger_1_00.boxes2D.json", "sha256": "74eb097d490249a19f2b8392e246b1a76133debb0c81b9656a68d04218fc2063", "size": 59580}}, {"predictions": {"_type": "boxes2D", "path": "media/metadata/boxes2D/BoundingBoxDebugger_1_10.boxes2D.json", "sha256": "74eb097d490249a19f2b8392e246b1a76133debb0c81b9656a68d04218fc2063", "size": 59580}}, {"predictions": {"_type": "boxes2D", "path": "media/metadata/boxes2D/BoundingBoxDebugger_1_20.boxes2D.json", "sha256": "74eb097d490249a19f2b8392e246b1a76133debb0c81b9656a68d04218fc2063", "size": 59580}}, {"predictions": {"_type": "boxes2D", "path": "media/metadata/boxes2D/BoundingBoxDebugger_1_30.boxes2D.json", "sha256": "74eb097d490249a19f2b8392e246b1a76133debb0c81b9656a68d04218fc2063", "size": 59580}}, {"predictions": {"_type": "boxes2D", "path": "media/metadata/boxes2D/BoundingBoxDebugger_1_40.boxes2D.json", "sha256": "74eb097d490249a19f2b8392e246b1a76133debb0c81b9656a68d04218fc2063", "size": 59580}}, {"predictions": {"_type": "boxes2D", "path": "media/metadata/boxes2D/BoundingBoxDebugger_1_50.boxes2D.json", "sha256": "74eb097d490249a19f2b8392e246b1a76133debb0c81b9656a68d04218fc2063", "size": 59580}}, {"predictions": {"_type": "boxes2D", "path": "media/metadata/boxes2D/BoundingBoxDebugger_1_60.boxes2D.json", "sha256": "74eb097d490249a19f2b8392e246b1a76133debb0c81b9656a68d04218fc2063", "size": 59580}}, {"predictions": {"_type": "boxes2D", "path": "media/metadata/boxes2D/BoundingBoxDebugger_1_70.boxes2D.json", "sha256": "384553aa839adf3bedaa5cd6a055fddd00902b006d872bddd11474ec2b7c5b10", "size": 59924}}, {"predictions": {"_type": "boxes2D", "path": "media/metadata/boxes2D/BoundingBoxDebugger_1_80.boxes2D.json", "sha256": "384553aa839adf3bedaa5cd6a055fddd00902b006d872bddd11474ec2b7c5b10", "size": 59924}}, {"predictions": {"_type": "boxes2D", "path": "media/metadata/boxes2D/BoundingBoxDebugger_1_90.boxes2D.json", "sha256": "bce1c1a7cd15d13600d2aee3cc3d444e61a1b25338fbb7c844daf75053814b86", "size": 59577}}, {"predictions": {"_type": "boxes2D", "path": "media/metadata/boxes2D/BoundingBoxDebugger_1_100.boxes2D.json", "sha256": "bce1c1a7cd15d13600d2aee3cc3d444e61a1b25338fbb7c844daf75053814b86", "size": 59577}}, {"predictions": {"_type": "boxes2D", "path": "media/metadata/boxes2D/BoundingBoxDebugger_1_110.boxes2D.json", "sha256": "bce1c1a7cd15d13600d2aee3cc3d444e61a1b25338fbb7c844daf75053814b86", "size": 59577}}, {"predictions": {"_type": "boxes2D", "path": "media/metadata/boxes2D/BoundingBoxDebugger_1_120.boxes2D.json", "sha256": "e265db66abc7f45f5c1ace8ae2f3d54ce60cc4efbfed4eb274673af53e9e0ef5", "size": 59364}}, {"predictions": {"_type": "boxes2D", "path": "media/metadata/boxes2D/BoundingBoxDebugger_1_130.boxes2D.json", "sha256": "e265db66abc7f45f5c1ace8ae2f3d54ce60cc4efbfed4eb274673af53e9e0ef5", "size": 59364}}, {"predictions": {"_type": "boxes2D", "path": "media/metadata/boxes2D/BoundingBoxDebugger_1_140.boxes2D.json", "sha256": "b8bd2daa3428dcd25ee1c4c872276a412139f179181b0b65cc1aa87527c2cc24", "size": 59717}}, {"predictions": {"_type": "boxes2D", "path": "media/metadata/boxes2D/BoundingBoxDebugger_1_150.boxes2D.json", "sha256": "b8bd2daa3428dcd25ee1c4c872276a412139f179181b0b65cc1aa87527c2cc24", "size": 59717}}]}, "_runtime": 296, "_timestamp": 1643654832, "_step": 2, "Validation": {"_type": "images/separated", "width": 1920, "height": 1464, "format": "jpg", "count": 6, "captions": ["val_batch0_labels.jpg", "val_batch0_pred.jpg", "val_batch1_labels.jpg", "val_batch1_pred.jpg", "val_batch2_labels.jpg", "val_batch2_pred.jpg"]}, "Results": {"_type": "images/separated", "width": 2400, "height": 1200, "format": "png", "count": 6, "captions": ["results.png", "confusion_matrix.png", "F1_curve.png", "PR_curve.png", "P_curve.png", "R_curve.png"]}, "_wandb": {"runtime": 295}}