{"Labels": {"_type": "images/separated", "width": 1600, "height": 1600, "format": "jpg", "count": 2, "captions": ["labels.jpg", "labels_correlogram.jpg"]}, "train/box_loss": 0.16207733750343323, "train/obj_loss": 0.041404880583286285, "train/cls_loss": 0.026488181203603745, "metrics/precision": 0.0015328253967286654, "metrics/recall": 0.005154639175257732, "metrics/mAP_0.5": 0.00033803778203475777, "metrics/mAP_0.5:0.95": 7.890178574593363e-05, "val/box_loss": 0.11944209039211273, "val/obj_loss": 0.035900600254535675, "val/cls_loss": 0.027864445000886917, "x/lr0": 3.0000000000000004e-05, "x/lr1": 3.0000000000000004e-05, "x/lr2": 0.09973, "_runtime": 75, "_timestamp": 1644242751, "_step": 0, "_wandb": {"runtime": 78}}