{"Labels": {"_type": "images/separated", "width": 1600, "height": 1600, "format": "jpg", "count": 2, "captions": ["labels.jpg", "labels_correlogram.jpg"]}, "train/box_loss": 0.0, "train/obj_loss": 0.01576298661530018, "train/cls_loss": 0.0, "metrics/precision": 0.0011251472289281752, "metrics/recall": 0.005154639175257732, "metrics/mAP_0.5": 0.000354424518260119, "metrics/mAP_0.5:0.95": 7.762167150090612e-05, "val/box_loss": 0.11977523565292358, "val/obj_loss": 0.029335711151361465, "val/cls_loss": 0.027766982093453407, "x/lr0": 0.00018906431388523046, "x/lr1": 0.00018906431388523046, "x/lr2": 0.09828906431388523, "_runtime": 86, "_timestamp": 1644341053, "_step": 4, "Mosaics": {"_type": "images/separated", "width": 1920, "height": 1920, "format": "jpg", "count": 3, "captions": ["train_batch0.jpg", "train_batch1.jpg", "train_batch2.jpg"]}, "_wandb": {"runtime": 86}}