{"best/epoch": 1, "best/precision": 0.11048673894369787, "best/recall": 0.1221296959993905, "best/mAP_0.5": 0.049666873838340765, "best/mAP_0.5:0.95": 0.012217341515081854, "Labels": [], "Mosaics": {"_type": "images/separated", "width": 1920, "height": 1920, "format": "jpg", "count": 3, "captions": ["train_batch0.jpg", "train_batch1.jpg", "train_batch2.jpg"]}, "train/box_loss": 0.07720635831356049, "train/obj_loss": 0.049829594790935516, "train/cls_loss": 0.02250281535089016, "metrics/precision": 0.11080775834013913, "metrics/recall": 0.12206685434465003, "metrics/mAP_0.5": 0.04980056497711647, "metrics/mAP_0.5:0.95": 0.012099893719542872, "val/box_loss": 0.07802557945251465, "val/obj_loss": 0.03947414085268974, "val/cls_loss": 0.020331384614109993, "x/lr0": 0.003661473087818697, "x/lr1": 0.003661473087818697, "x/lr2": 0.03708923512747876, "BoundingBoxDebugger": {"_type": "images/separated", "width": 672, "height": 512, "format": "png", "count": 16, "captions": ["IS20190605_082950_0831_00001CC6.fe72d0613e4d5c2ea348.JPG", "IS20190605_082950_0831_00001CC6.dceb7f73409cdac53a9d.JPG", "IS20190605_082950_0831_00001CC6.b8798370ef9507264856.JPG", "IS20190605_082950_0831_00001CC6.a560cf04ed42937cd60c.JPG", "IS20190605_082950_0831_00001CC6.76c7c4ed5e03bf5ef19f.JPG", "IS20190605_082950_0831_00001CC6.68600567a91cafbce465.JPG", "IS20190605_082950_0831_00001CC6.224485af4385da9d52b9.JPG", "IS20180801_113839_0582_00000198.af6ad6b6fcb41b0b4a36.JPG", "IS20180801_113839_0582_00000198.8ec6ba112e61b4267873.JPG", "IX20191024_112750_0912_0000375E.35ba50826e3ac731153a.JPG", "IX20191024_112750_0912_0000375E.519054514029660ec209.JPG", "IX20191024_112750_0912_0000375E.8179e3443464c2444c88.JPG", "IX20191023_140244_0641_0000373D.19bfd39e6412b6be144e.JPG", "IX20191023_140244_0641_0000373D.c70199560a361e22b2f6.JPG", "IS20190911_143430_0468_0000327C.129c132d7861926c0c58.JPG", "IS20190911_143430_0468_0000327C.0ba57b63419b6f2535d7.JPG"], "all_boxes": [{"predictions": {"_type": "boxes2D", "path": "media/metadata/boxes2D/BoundingBoxDebugger_1_00.boxes2D.json", "sha256": "53e8e249c943892daad3df15ce00dbfb31b674b5a08ac24b8b75ff5102d84b01", "size": 59490}}, {"predictions": {"_type": "boxes2D", "path": "media/metadata/boxes2D/BoundingBoxDebugger_1_10.boxes2D.json", "sha256": "53e8e249c943892daad3df15ce00dbfb31b674b5a08ac24b8b75ff5102d84b01", "size": 59490}}, {"predictions": {"_type": "boxes2D", "path": "media/metadata/boxes2D/BoundingBoxDebugger_1_20.boxes2D.json", "sha256": "53e8e249c943892daad3df15ce00dbfb31b674b5a08ac24b8b75ff5102d84b01", "size": 59490}}, {"predictions": {"_type": "boxes2D", "path": "media/metadata/boxes2D/BoundingBoxDebugger_1_30.boxes2D.json", "sha256": "53e8e249c943892daad3df15ce00dbfb31b674b5a08ac24b8b75ff5102d84b01", "size": 59490}}, {"predictions": {"_type": "boxes2D", "path": "media/metadata/boxes2D/BoundingBoxDebugger_1_40.boxes2D.json", "sha256": "53e8e249c943892daad3df15ce00dbfb31b674b5a08ac24b8b75ff5102d84b01", "size": 59490}}, {"predictions": {"_type": "boxes2D", "path": "media/metadata/boxes2D/BoundingBoxDebugger_1_50.boxes2D.json", "sha256": "53e8e249c943892daad3df15ce00dbfb31b674b5a08ac24b8b75ff5102d84b01", "size": 59490}}, {"predictions": {"_type": "boxes2D", "path": "media/metadata/boxes2D/BoundingBoxDebugger_1_60.boxes2D.json", "sha256": "53e8e249c943892daad3df15ce00dbfb31b674b5a08ac24b8b75ff5102d84b01", "size": 59490}}, {"predictions": {"_type": "boxes2D", "path": "media/metadata/boxes2D/BoundingBoxDebugger_1_70.boxes2D.json", "sha256": "9fe60cff27b637674359cf95ad15c4b67a29c82a2936a8476e34fbc0cf328f0c", "size": 59716}}, {"predictions": {"_type": "boxes2D", "path": "media/metadata/boxes2D/BoundingBoxDebugger_1_80.boxes2D.json", "sha256": "9fe60cff27b637674359cf95ad15c4b67a29c82a2936a8476e34fbc0cf328f0c", "size": 59716}}, {"predictions": {"_type": "boxes2D", "path": "media/metadata/boxes2D/BoundingBoxDebugger_1_90.boxes2D.json", "sha256": "2b4c682170a0b3bf416693113889178667c9718e8fba8727d03a4a0e372f8a3f", "size": 59553}}, {"predictions": {"_type": "boxes2D", "path": "media/metadata/boxes2D/BoundingBoxDebugger_1_100.boxes2D.json", "sha256": "2b4c682170a0b3bf416693113889178667c9718e8fba8727d03a4a0e372f8a3f", "size": 59553}}, {"predictions": {"_type": "boxes2D", "path": "media/metadata/boxes2D/BoundingBoxDebugger_1_110.boxes2D.json", "sha256": "2b4c682170a0b3bf416693113889178667c9718e8fba8727d03a4a0e372f8a3f", "size": 59553}}, {"predictions": {"_type": "boxes2D", "path": "media/metadata/boxes2D/BoundingBoxDebugger_1_120.boxes2D.json", "sha256": "1abdd5040f0e36901004a08aa25a5b48f64f383f2e2eb1e1569743ddbe082096", "size": 59299}}, {"predictions": {"_type": "boxes2D", "path": "media/metadata/boxes2D/BoundingBoxDebugger_1_130.boxes2D.json", "sha256": "1abdd5040f0e36901004a08aa25a5b48f64f383f2e2eb1e1569743ddbe082096", "size": 59299}}, {"predictions": {"_type": "boxes2D", "path": "media/metadata/boxes2D/BoundingBoxDebugger_1_140.boxes2D.json", "sha256": "23c2acad30eada75b513fc03238fb5aa137a75a7e7dd8aa4eda79b657e01a7bb", "size": 59639}}, {"predictions": {"_type": "boxes2D", "path": "media/metadata/boxes2D/BoundingBoxDebugger_1_150.boxes2D.json", "sha256": "23c2acad30eada75b513fc03238fb5aa137a75a7e7dd8aa4eda79b657e01a7bb", "size": 59639}}]}, "_runtime": 297, "_timestamp": 1643816589, "_step": 2, "Validation": {"_type": "images/separated", "width": 1920, "height": 1464, "format": "jpg", "count": 6, "captions": ["val_batch0_labels.jpg", "val_batch0_pred.jpg", "val_batch1_labels.jpg", "val_batch1_pred.jpg", "val_batch2_labels.jpg", "val_batch2_pred.jpg"]}, "Results": {"_type": "images/separated", "width": 2400, "height": 1200, "format": "png", "count": 6, "captions": ["results.png", "confusion_matrix.png", "F1_curve.png", "PR_curve.png", "P_curve.png", "R_curve.png"]}, "_wandb": {"runtime": 295}}