{"Labels": {"_type": "images/separated", "width": 1600, "height": 1600, "format": "jpg", "count": 2, "captions": ["labels.jpg", "labels_correlogram.jpg"]}, "train/box_loss": 0.10429589450359344, "train/obj_loss": 0.11618248373270035, "train/cls_loss": 0.027584491297602654, "metrics/precision": 0.024501996327393156, "metrics/recall": 0.019230769230769232, "metrics/mAP_0.5": 0.0013140012395823656, "metrics/mAP_0.5:0.95": 0.00016738174366960395, "val/box_loss": 0.10326065123081207, "val/obj_loss": 0.039465777575969696, "val/cls_loss": 0.02599743753671646, "x/lr0": 0.00018906431388523046, "x/lr1": 0.00018906431388523046, "x/lr2": 0.09828906431388523, "_runtime": 89, "_timestamp": 1643650567, "_step": 4, "Mosaics": {"_type": "images/separated", "width": 1920, "height": 1920, "format": "jpg", "count": 3, "captions": ["train_batch0.jpg", "train_batch1.jpg", "train_batch2.jpg"]}, "_wandb": {"runtime": 86}}