{"Labels": {"_type": "images/separated", "width": 1600, "height": 1600, "format": "jpg", "count": 2, "captions": ["labels.jpg", "labels_correlogram.jpg"]}, "train/box_loss": 0.0, "train/obj_loss": 0.022191110998392105, "train/cls_loss": 0.0, "metrics/precision": 0.0015901567699361185, "metrics/recall": 0.005154639175257732, "metrics/mAP_0.5": 0.0003434102421230708, "metrics/mAP_0.5:0.95": 8.243574795918003e-05, "val/box_loss": 0.12042738497257233, "val/obj_loss": 0.035243891179561615, "val/cls_loss": 0.028179114684462547, "x/lr0": 3.0000000000000004e-05, "x/lr1": 3.0000000000000004e-05, "x/lr2": 0.09973, "_runtime": 69, "_timestamp": 1643996935, "_step": 0, "_wandb": {"runtime": 70}}