{"Results": {"_type": "images/separated", "width": 2400, "height": 1200, "format": "png", "count": 5, "captions": ["results.png", "F1_curve.png", "PR_curve.png", "P_curve.png", "R_curve.png"]}, "Labels": {"_type": "images/separated", "width": 1600, "height": 1600, "format": "jpg", "count": 7, "captions": ["labels.jpg", "labels_correlogram.jpg", "train_batch0_labels.jpg", "train_batch1_labels.jpg", "train_batch2_labels.jpg", "val_batch0_labels.jpg", "val_batch1_labels.jpg"]}, "Mosaics": {"_type": "images/separated", "width": 1920, "height": 1920, "format": "jpg", "count": 9, "captions": ["train_batch0.jpg", "train_batch0_labels.jpg", "train_batch0_pred.jpg", "train_batch1.jpg", "train_batch1_labels.jpg", "train_batch1_pred.jpg", "train_batch2.jpg", "train_batch2_labels.jpg", "train_batch2_pred.jpg"]}, "train/box_loss": 0.11606939882040024, "train/obj_loss": 0.03867541626095772, "train/cls_loss": 0.02713247574865818, "metrics/precision": 0.0008831257767443556, "metrics/recall": 0.03865979381443299, "metrics/mAP_0.5": 0.00035333719961680096, "metrics/mAP_0.5:0.95": 5.8240666123036936e-05, "val/box_loss": 0.11068740487098694, "val/obj_loss": 0.03507194668054581, "val/cls_loss": 0.025030087679624557, "x/lr0": 0.00013000000000000002, "x/lr1": 0.00013000000000000002, "x/lr2": 0.09883, "Bounding Box Debugger": {"_type": "images/separated", "width": 672, "height": 512, "format": "png", "count": 16, "captions": ["IX20191030_093817_0791_000037B5.Camellia.jpg", "IX20191030_093817_0791_000037B5.Conghui.jpg", "IX20191030_093817_0791_000037B5.HaoWen.jpg", "IX20191030_093817_0791_000037B5.Xiongjie.jpg", "Unknown-X-20200211-091355-XSGWCYBP3RXG-3.Camellia.jpg", "Unknown-X-20200211-091355-XSGWCYBP3RXG-3.HaoWen.jpg", "Unknown-X-20200211-091355-XSGWCYBP3RXG-3.Xiongjie.jpg", "Unknown-X-20200211-091355-XSGWCYBP3RXG-3.Conghui.jpg", "Unknown-X-20200207-095434-XYJSEIZ0GUDU-3.Camellia.jpg", "Unknown-X-20200207-095434-XYJSEIZ0GUDU-3.Conghui.jpg", "Unknown-X-20200207-095434-XYJSEIZ0GUDU-3.HaoWen.jpg", "Unknown-X-20200207-095434-XYJSEIZ0GUDU-3.Xiongjie.jpg", "Unknown-X-20200221-120712-XRBESMOXZEV7-3.Conghui.jpg", "Unknown-X-20200221-120712-XRBESMOXZEV7-3.HaoWen.jpg", "Unknown-X-20200221-120712-XRBESMOXZEV7-3.Camellia.jpg", "Unknown-X-20200221-120712-XRBESMOXZEV7-3.Xiongjie.jpg"], "all_boxes": [{"predictions": {"_type": "boxes2D", "path": "media/metadata/boxes2D/Bounding Box Debugger_0_00.boxes2D.json", "sha256": "c55ed209ca1f5764e7bafe0e8ab3efd691cdccc577a5f3b91eb06986cb236c46", "size": 59055}}, {"predictions": {"_type": "boxes2D", "path": "media/metadata/boxes2D/Bounding Box Debugger_0_10.boxes2D.json", "sha256": "c55ed209ca1f5764e7bafe0e8ab3efd691cdccc577a5f3b91eb06986cb236c46", "size": 59055}}, {"predictions": {"_type": "boxes2D", "path": "media/metadata/boxes2D/Bounding Box Debugger_0_20.boxes2D.json", "sha256": "c55ed209ca1f5764e7bafe0e8ab3efd691cdccc577a5f3b91eb06986cb236c46", "size": 59055}}, {"predictions": {"_type": "boxes2D", "path": "media/metadata/boxes2D/Bounding Box Debugger_0_30.boxes2D.json", "sha256": "c55ed209ca1f5764e7bafe0e8ab3efd691cdccc577a5f3b91eb06986cb236c46", "size": 59055}}, {"predictions": {"_type": "boxes2D", "path": "media/metadata/boxes2D/Bounding Box Debugger_0_40.boxes2D.json", "sha256": "ec79b943546244177e3fa99811c1f56557393b999b402b07958f686cf84df4f2", "size": 58944}}, {"predictions": {"_type": "boxes2D", "path": "media/metadata/boxes2D/Bounding Box Debugger_0_50.boxes2D.json", "sha256": "ec79b943546244177e3fa99811c1f56557393b999b402b07958f686cf84df4f2", "size": 58944}}, {"predictions": {"_type": "boxes2D", "path": "media/metadata/boxes2D/Bounding Box Debugger_0_60.boxes2D.json", "sha256": "ec79b943546244177e3fa99811c1f56557393b999b402b07958f686cf84df4f2", "size": 58944}}, {"predictions": {"_type": "boxes2D", "path": "media/metadata/boxes2D/Bounding Box Debugger_0_70.boxes2D.json", "sha256": "ec79b943546244177e3fa99811c1f56557393b999b402b07958f686cf84df4f2", "size": 58944}}, {"predictions": {"_type": "boxes2D", "path": "media/metadata/boxes2D/Bounding Box Debugger_0_80.boxes2D.json", "sha256": "d2e5b8f1b9ff7db1359bcafe76c0ad9a173ee5c658146f0728a657a0d2b455e4", "size": 58536}}, {"predictions": {"_type": "boxes2D", "path": "media/metadata/boxes2D/Bounding Box Debugger_0_90.boxes2D.json", "sha256": "d2e5b8f1b9ff7db1359bcafe76c0ad9a173ee5c658146f0728a657a0d2b455e4", "size": 58536}}, {"predictions": {"_type": "boxes2D", "path": "media/metadata/boxes2D/Bounding Box Debugger_0_100.boxes2D.json", "sha256": "d2e5b8f1b9ff7db1359bcafe76c0ad9a173ee5c658146f0728a657a0d2b455e4", "size": 58536}}, {"predictions": {"_type": "boxes2D", "path": "media/metadata/boxes2D/Bounding Box Debugger_0_110.boxes2D.json", "sha256": "d2e5b8f1b9ff7db1359bcafe76c0ad9a173ee5c658146f0728a657a0d2b455e4", "size": 58536}}, {"predictions": {"_type": "boxes2D", "path": "media/metadata/boxes2D/Bounding Box Debugger_0_120.boxes2D.json", "sha256": "86c70194fa61c7e389f6c2f1c7d1d7a2204a448f0128313e455e1ca4b21e515f", "size": 58573}}, {"predictions": {"_type": "boxes2D", "path": "media/metadata/boxes2D/Bounding Box Debugger_0_130.boxes2D.json", "sha256": "86c70194fa61c7e389f6c2f1c7d1d7a2204a448f0128313e455e1ca4b21e515f", "size": 58573}}, {"predictions": {"_type": "boxes2D", "path": "media/metadata/boxes2D/Bounding Box Debugger_0_140.boxes2D.json", "sha256": "86c70194fa61c7e389f6c2f1c7d1d7a2204a448f0128313e455e1ca4b21e515f", "size": 58573}}, {"predictions": {"_type": "boxes2D", "path": "media/metadata/boxes2D/Bounding Box Debugger_0_150.boxes2D.json", "sha256": "86c70194fa61c7e389f6c2f1c7d1d7a2204a448f0128313e455e1ca4b21e515f", "size": 58573}}]}, "_runtime": 2489, "_timestamp": 1643032378, "_step": 0}