{"best/epoch": 18, "best/precision": 0.13810059604316, "best/recall": 0.18423547679386174, "best/mAP_0.5": 0.07878754490374755, "best/mAP_0.5:0.95": 0.022230800732720466, "Labels": [], "Mosaics": {"_type": "images/separated", "width": 1920, "height": 1920, "format": "jpg", "count": 3, "captions": ["train_batch0.jpg", "train_batch1.jpg", "train_batch2.jpg"]}, "train/box_loss": 0.06517412513494492, "train/obj_loss": 0.047989245504140854, "train/cls_loss": 0.014634529128670692, "metrics/precision": 0.13800392027309374, "metrics/recall": 0.1840116686307658, "metrics/mAP_0.5": 0.07911830963127288, "metrics/mAP_0.5:0.95": 0.02206638945788642, "val/box_loss": 0.06965996325016022, "val/obj_loss": 0.03805095702409744, "val/cls_loss": 0.01747971586883068, "x/lr0": 0.0012202456766718084, "x/lr1": 0.0012202456766718084, "x/lr2": 0.0012202456766718084, "_runtime": 2614, "_timestamp": 1644427708, "_step": 20, "BoundingBoxDebugger": {"_type": "images/separated", "width": 672, "height": 512, "format": "png", "count": 16, "captions": ["IS20190605_082950_0831_00001CC6.adf3c17cb0b69a3b77b8.JPG", "IS20190605_082950_0831_00001CC6.89efee63d5ded6034916.JPG", "IS20190605_082950_0831_00001CC6.a1d8bcdbb8e69a3929d7.JPG", "IS20190605_082950_0831_00001CC6.da33b9468db4d433fc0d.JPG", "IS20190605_082950_0831_00001CC6.538b45e4613c9559e9cf.JPG", "IS20190605_082950_0831_00001CC6.14fb2b6bd7469d149295.JPG", "IS20190605_082950_0831_00001CC6.c89043519109e35ac10e.JPG", "IS20190605_082950_0831_00001CC6.155b11f90c9eb1b7c489.JPG", "IX20191024_112750_0912_0000375E.9de3936033f60b89a2ca.JPG", "IX20191024_112750_0912_0000375E.12b8b5450921b6e0c924.JPG", "IX20191024_112750_0912_0000375E.aa0712360cf12c25b824.JPG", "IX20191024_112750_0912_0000375E.e310c2534a2f252290ca.JPG", "IX20191024_112750_0912_0000375E.c2535f2d8445142209c2.JPG", "IX20191023_140244_0641_0000373D.58ce2afaaa829b24472a.JPG", "IX20191023_140244_0641_0000373D.6341bd0b6243615591ef.JPG", "IX20191023_140244_0641_0000373D.ff2c4f12241c167761cc.JPG"], "all_boxes": [{"predictions": {"_type": "boxes2D", "path": "media/metadata/boxes2D/BoundingBoxDebugger_19_00.boxes2D.json", "sha256": "a3e5aa282d8e47cce61f020aa1e6c7df180c182f915465a9ac15e637cc6da05c", "size": 42435}}, {"predictions": {"_type": "boxes2D", "path": "media/metadata/boxes2D/BoundingBoxDebugger_19_10.boxes2D.json", "sha256": "a3e5aa282d8e47cce61f020aa1e6c7df180c182f915465a9ac15e637cc6da05c", "size": 42435}}, {"predictions": {"_type": "boxes2D", "path": "media/metadata/boxes2D/BoundingBoxDebugger_19_20.boxes2D.json", "sha256": "a3e5aa282d8e47cce61f020aa1e6c7df180c182f915465a9ac15e637cc6da05c", "size": 42435}}, {"predictions": {"_type": "boxes2D", "path": "media/metadata/boxes2D/BoundingBoxDebugger_19_30.boxes2D.json", "sha256": "a3e5aa282d8e47cce61f020aa1e6c7df180c182f915465a9ac15e637cc6da05c", "size": 42435}}, {"predictions": {"_type": "boxes2D", "path": "media/metadata/boxes2D/BoundingBoxDebugger_19_40.boxes2D.json", "sha256": "a3e5aa282d8e47cce61f020aa1e6c7df180c182f915465a9ac15e637cc6da05c", "size": 42435}}, {"predictions": {"_type": "boxes2D", "path": "media/metadata/boxes2D/BoundingBoxDebugger_19_50.boxes2D.json", "sha256": "a3e5aa282d8e47cce61f020aa1e6c7df180c182f915465a9ac15e637cc6da05c", "size": 42435}}, {"predictions": {"_type": "boxes2D", "path": "media/metadata/boxes2D/BoundingBoxDebugger_19_60.boxes2D.json", "sha256": "a3e5aa282d8e47cce61f020aa1e6c7df180c182f915465a9ac15e637cc6da05c", "size": 42435}}, {"predictions": {"_type": "boxes2D", "path": "media/metadata/boxes2D/BoundingBoxDebugger_19_70.boxes2D.json", "sha256": "a3e5aa282d8e47cce61f020aa1e6c7df180c182f915465a9ac15e637cc6da05c", "size": 42435}}, {"predictions": {"_type": "boxes2D", "path": "media/metadata/boxes2D/BoundingBoxDebugger_19_80.boxes2D.json", "sha256": "3cce18639b9e385252077f120d78680d7beabc342483dd67baeb855bacf86b58", "size": 42651}}, {"predictions": {"_type": "boxes2D", "path": "media/metadata/boxes2D/BoundingBoxDebugger_19_90.boxes2D.json", "sha256": "3cce18639b9e385252077f120d78680d7beabc342483dd67baeb855bacf86b58", "size": 42651}}, {"predictions": {"_type": "boxes2D", "path": "media/metadata/boxes2D/BoundingBoxDebugger_19_100.boxes2D.json", "sha256": "3cce18639b9e385252077f120d78680d7beabc342483dd67baeb855bacf86b58", "size": 42651}}, {"predictions": {"_type": "boxes2D", "path": "media/metadata/boxes2D/BoundingBoxDebugger_19_110.boxes2D.json", "sha256": "3cce18639b9e385252077f120d78680d7beabc342483dd67baeb855bacf86b58", "size": 42651}}, {"predictions": {"_type": "boxes2D", "path": "media/metadata/boxes2D/BoundingBoxDebugger_19_120.boxes2D.json", "sha256": "3cce18639b9e385252077f120d78680d7beabc342483dd67baeb855bacf86b58", "size": 42651}}, {"predictions": {"_type": "boxes2D", "path": "media/metadata/boxes2D/BoundingBoxDebugger_19_130.boxes2D.json", "sha256": "86803f7cac25664aec34f6cc6f62b56b22c612849f73052091e3defcc32d8992", "size": 59398}}, {"predictions": {"_type": "boxes2D", "path": "media/metadata/boxes2D/BoundingBoxDebugger_19_140.boxes2D.json", "sha256": "86803f7cac25664aec34f6cc6f62b56b22c612849f73052091e3defcc32d8992", "size": 59398}}, {"predictions": {"_type": "boxes2D", "path": "media/metadata/boxes2D/BoundingBoxDebugger_19_150.boxes2D.json", "sha256": "86803f7cac25664aec34f6cc6f62b56b22c612849f73052091e3defcc32d8992", "size": 59398}}]}, "Validation": {"_type": "images/separated", "width": 1920, "height": 1464, "format": "jpg", "count": 6, "captions": ["val_batch0_labels.jpg", "val_batch0_pred.jpg", "val_batch1_labels.jpg", "val_batch1_pred.jpg", "val_batch2_labels.jpg", "val_batch2_pred.jpg"]}, "Results": {"_type": "images/separated", "width": 2400, "height": 1200, "format": "png", "count": 6, "captions": ["results.png", "confusion_matrix.png", "F1_curve.png", "PR_curve.png", "P_curve.png", "R_curve.png"]}, "_wandb": {"runtime": 2612}}