{"Labels": {"_type": "images/separated", "width": 1600, "height": 1600, "format": "jpg", "count": 2, "captions": ["labels.jpg", "labels_correlogram.jpg"]}, "Mosaics": {"_type": "images/separated", "width": 1920, "height": 1920, "format": "jpg", "count": 3, "captions": ["train_batch0.jpg", "train_batch1.jpg", "train_batch2.jpg"]}, "train/box_loss": 0.062150806188583374, "train/obj_loss": 0.08552821725606918, "train/cls_loss": 0.010730233043432236, "metrics/precision": 0.016011291181135822, "metrics/recall": 0.17193742865296804, "metrics/mAP_0.5": 0.0052245418321925806, "metrics/mAP_0.5:0.95": 0.0010236696066980332, "val/box_loss": 0.08983779698610306, "val/obj_loss": 0.05639467388391495, "val/cls_loss": 0.042751751840114594, "x/lr0": 0.0031872568299356366, "x/lr1": 0.0031872568299356366, "x/lr2": 0.07108725682993564, "_runtime": 438, "_timestamp": 1645125636, "_step": 6, "_wandb": {"runtime": 437}}