{"Labels": {"_type": "images/separated", "width": 1600, "height": 1600, "format": "jpg", "count": 2, "captions": ["labels.jpg", "labels_correlogram.jpg"]}, "train/box_loss": 0.0, "train/obj_loss": 0.02070094458758831, "train/cls_loss": 0.0, "metrics/precision": 0.001575320768580444, "metrics/recall": 0.007731958762886598, "metrics/mAP_0.5": 0.00030234537601156507, "metrics/mAP_0.5:0.95": 5.7151958991763186e-05, "val/box_loss": 0.12018169462680817, "val/obj_loss": 0.03361841291189194, "val/cls_loss": 0.028075918555259705, "x/lr0": 6.997841301474025e-05, "x/lr1": 6.997841301474025e-05, "x/lr2": 0.09936997841301475, "_runtime": 74, "_timestamp": 1644242104, "_step": 1, "_wandb": {"runtime": 72}}