{"Labels": {"_type": "images/separated", "width": 1600, "height": 1600, "format": "jpg", "count": 2, "captions": ["labels.jpg", "labels_correlogram.jpg"]}, "train/box_loss": 0.0, "train/obj_loss": 0.022611498832702637, "train/cls_loss": 0.0, "metrics/precision": 0.002228701717148265, "metrics/recall": 0.005154639175257732, "metrics/mAP_0.5": 0.00032307924523703705, "metrics/mAP_0.5:0.95": 4.628966051670988e-05, "val/box_loss": 0.12013866007328033, "val/obj_loss": 0.03548566997051239, "val/cls_loss": 0.0283177699893713, "x/lr0": 0.0, "x/lr1": 0.0, "x/lr2": 0.1, "_runtime": 72, "_timestamp": 1643650439, "_step": 0, "_wandb": {"runtime": 78}}