               epoch,      train/box_loss,      train/obj_loss,      train/cls_loss,   metrics/precision,      metrics/recall,     metrics/mAP_0.5,metrics/mAP_0.5:0.95,        val/box_loss,        val/obj_loss,        val/cls_loss,               x/lr0,               x/lr1,               x/lr2
                   0,                   0,            0.022191,                   0,           0.0015902,           0.0051546,          0.00034341,          8.2436e-05,             0.12043,            0.035244,            0.028179,               3e-05,               3e-05,             0.09973
                   1,                   0,            0.020701,                   0,           0.0015753,            0.007732,          0.00030235,          5.7152e-05,             0.12018,            0.033618,            0.028076,          6.9978e-05,          6.9978e-05,             0.09937
                   2,                   0,            0.018944,                   0,           0.0021039,            0.007732,          0.00034964,          6.2525e-05,             0.12003,            0.032015,            0.027975,          0.00010986,          0.00010986,             0.09901
                   3,                   0,            0.017268,                   0,           0.0018105,            0.007732,          0.00032207,          7.0624e-05,             0.11992,            0.030547,             0.02787,          0.00014958,          0.00014958,             0.09865
