{"Labels": {"_type": "images/separated", "width": 1600, "height": 1600, "format": "jpg", "count": 2, "captions": ["labels.jpg", "labels_correlogram.jpg"]}, "train/box_loss": 0.0, "train/obj_loss": 0.013290686532855034, "train/cls_loss": 0.0, "metrics/precision": 0.0008705355171352468, "metrics/recall": 0.005154639175257732, "metrics/mAP_0.5": 0.0002983755778763831, "metrics/mAP_0.5:0.95": 5.9419112511501216e-05, "val/box_loss": 0.11949633061885834, "val/obj_loss": 0.027492782101035118, "val/cls_loss": 0.027612265199422836, "x/lr0": 0.00026701595140294905, "x/lr1": 0.00026701595140294905, "x/lr2": 0.09756701595140295, "_runtime": 93, "_timestamp": 1644245792, "_step": 6, "Mosaics": {"_type": "images/separated", "width": 1920, "height": 1920, "format": "jpg", "count": 3, "captions": ["train_batch0.jpg", "train_batch1.jpg", "train_batch2.jpg"]}, "_wandb": {"runtime": 94}}