{"Labels": {"_type": "images/separated", "width": 2000, "height": 2000, "format": "jpg", "count": 2, "filenames": ["media/images/Labels_0_0.jpg", "media/images/Labels_0_1.jpg"], "captions": ["labels_correlogram.jpg", "labels.jpg"]}, "Validation": {"_type": "images/separated", "width": 1280, "height": 1280, "format": "jpg", "count": 2, "filenames": ["media/images/Validation_0_0.jpg", "media/images/Validation_0_1.jpg"], "captions": ["val_batch0_labels.jpg", "val_batch0_pred.jpg"]}, "train/box_loss": 0.060615744441747665, "train/obj_loss": 1.677550196647644, "train/cls_loss": 0.011863029561936855, "metrics/precision": 0.0003202065292644206, "metrics/recall": 0.225, "metrics/mAP_0.5": 0.00016768906841034586, "metrics/mAP_0.5:0.95": 1.676890684103459e-05, "val/box_loss": 0.13003067672252655, "val/obj_loss": 0.038065142929553986, "val/cls_loss": 0.0327032171189785, "x/lr0": 0.0, "x/lr1": 0.0, "x/lr2": 0.1, "Bounding Box Debugger": {"_type": "images/separated", "width": 640, "height": 640, "format": "png", "count": 2, "filenames": ["media/images/Bounding Box Debugger_0_0.png", "media/images/Bounding Box Debugger_0_1.png"], "captions": ["IS20180614_161235_0835_000000CD.jpg", "IS20190716_144902_0220_000026F3.jpg"], "all_boxes": [{"predictions": {"_type": "boxes2D", "path": "media/metadata/boxes2D/Bounding Box Debugger_0_00.boxes2D.json", "sha256": "69b5f989e089ba3112386ea8ca5045738da191070b53faa53f48bdffcf76135c", "size": 1217554}}, {"predictions": {"_type": "boxes2D", "path": "media/metadata/boxes2D/Bounding Box Debugger_0_10.boxes2D.json", "sha256": "dd95b3e98158dc00b6c6ca4e19248d0053fd25c820378d0514d22e106d6817e5", "size": 1217327}}]}, "_timestamp": 1648497751, "_runtime": 11103, "_step": 0}