{"Labels": {"_type": "images/separated", "width": 1600, "height": 1600, "format": "jpg", "count": 2, "captions": ["labels.jpg", "labels_correlogram.jpg"]}, "train/box_loss": 0.0, "train/obj_loss": 0.017737267538905144, "train/cls_loss": 0.0, "metrics/precision": 0.001098214051013173, "metrics/recall": 0.005154639175257732, "metrics/mAP_0.5": 0.0003402329931165896, "metrics/mAP_0.5:0.95": 5.245812732498838e-05, "val/box_loss": 0.11934284120798111, "val/obj_loss": 0.030522558838129044, "val/cls_loss": 0.02779444307088852, "x/lr0": 0.00010922063903206231, "x/lr1": 0.00010922063903206231, "x/lr2": 0.09900922063903207, "_runtime": 83, "_timestamp": 1645111453, "_step": 3, "Mosaics": {"_type": "images/separated", "width": 1920, "height": 1920, "format": "jpg", "count": 3, "captions": ["train_batch0.jpg", "train_batch1.jpg", "train_batch2.jpg"]}, "_wandb": {"runtime": 82}}