{"Labels": {"_type": "images/separated", "width": 1600, "height": 1600, "format": "jpg", "count": 2, "captions": ["labels.jpg", "labels_correlogram.jpg"]}, "train/box_loss": 0.0, "train/obj_loss": 0.017268268391489983, "train/cls_loss": 0.0, "metrics/precision": 0.0018104508884098985, "metrics/recall": 0.007731958762886598, "metrics/mAP_0.5": 0.0003220717023107315, "metrics/mAP_0.5:0.95": 7.062434219917058e-05, "val/box_loss": 0.11991853266954422, "val/obj_loss": 0.03054684028029442, "val/cls_loss": 0.027869820594787598, "x/lr0": 0.0001495841074172956, "x/lr1": 0.0001495841074172956, "x/lr2": 0.0986495841074173, "_runtime": 82, "_timestamp": 1644245128, "_step": 3, "Mosaics": {"_type": "images/separated", "width": 1920, "height": 1920, "format": "jpg", "count": 3, "captions": ["train_batch0.jpg", "train_batch1.jpg", "train_batch2.jpg"]}, "_wandb": {"runtime": 80}}