{"Labels": {"_type": "images/separated", "width": 1600, "height": 1600, "format": "jpg", "count": 2, "captions": ["labels.jpg", "labels_correlogram.jpg"]}, "Mosaics": {"_type": "images/separated", "width": 1920, "height": 1920, "format": "jpg", "count": 3, "captions": ["train_batch0.jpg", "train_batch1.jpg", "train_batch2.jpg"]}, "train/box_loss": 0.0, "train/obj_loss": 4.7762252506799996e-05, "train/cls_loss": 0.0, "metrics/precision": 0.0, "metrics/recall": 0.0, "metrics/mAP_0.5": 0.0, "metrics/mAP_0.5:0.95": 0.0, "val/box_loss": 0.11497438699007034, "val/obj_loss": 0.039804451167583466, "val/cls_loss": 0.039890941232442856, "x/lr0": 0.00792701469640686, "x/lr1": 0.00792701469640686, "x/lr2": 0.00792701469640686, "_runtime": 5342, "_timestamp": 1644526703, "_step": 18, "Bounding Box Debugger": {"_type": "images/separated", "width": 640, "height": 640, "format": "png", "count": 2, "captions": ["Unknown-X-20200225-111816-XAKKTYGNGH7X-3.JPG", "Unknown-X-20200807-104523-XFLHYE1EEOTR-0.JPG"], "all_boxes": [{"predictions": {"_type": "boxes2D", "path": "media/metadata/boxes2D/Bounding Box Debugger_14_00.boxes2D.json", "sha256": "aec6c33416e257740de21f1b9e68d688236ff77c25e5a4aef6cd3ab8f517c197", "size": 298}}, {"predictions": {"_type": "boxes2D", "path": "media/metadata/boxes2D/Bounding Box Debugger_14_10.boxes2D.json", "sha256": "24d641816c87e4bb0770962552a32c72dc0f40de7dcc03575c918f4001429650", "size": 295}}]}}