{"best/epoch": 11, "best/precision": 0.19993256231608272, "best/recall": 0.17196723688229945, "best/mAP_0.5": 0.0922658331881843, "best/mAP_0.5:0.95": 0.026480690660414124, "Labels": [], "Mosaics": {"_type": "images/separated", "width": 1920, "height": 1920, "format": "jpg", "count": 3, "captions": ["train_batch0.jpg", "train_batch1.jpg", "train_batch2.jpg"]}, "train/box_loss": 0.06710047274827957, "train/obj_loss": 0.050594113767147064, "train/cls_loss": 0.013978922739624977, "metrics/precision": 0.19993256231608272, "metrics/recall": 0.17196723688229945, "metrics/mAP_0.5": 0.0922658331881843, "metrics/mAP_0.5:0.95": 0.026480690660414124, "val/box_loss": 0.07070901989936829, "val/obj_loss": 0.040029238909482956, "val/cls_loss": 0.015083945356309414, "x/lr0": 0.0055000000000000005, "x/lr1": 0.0055000000000000005, "x/lr2": 0.0055000000000000005, "_runtime": 1292, "_timestamp": 1643826469, "_step": 11, "BoundingBoxDebugger": {"_type": "images/separated", "width": 672, "height": 512, "format": "png", "count": 16, "captions": ["IS20190605_082950_0831_00001CC6.fe72d0613e4d5c2ea348.JPG", "IS20190605_082950_0831_00001CC6.dceb7f73409cdac53a9d.JPG", "IS20190605_082950_0831_00001CC6.b8798370ef9507264856.JPG", "IS20190605_082950_0831_00001CC6.a560cf04ed42937cd60c.JPG", "IS20190605_082950_0831_00001CC6.76c7c4ed5e03bf5ef19f.JPG", "IS20190605_082950_0831_00001CC6.68600567a91cafbce465.JPG", "IS20190605_082950_0831_00001CC6.224485af4385da9d52b9.JPG", "IS20180801_113839_0582_00000198.af6ad6b6fcb41b0b4a36.JPG", "IS20180801_113839_0582_00000198.8ec6ba112e61b4267873.JPG", "IX20191024_112750_0912_0000375E.35ba50826e3ac731153a.JPG", "IX20191024_112750_0912_0000375E.519054514029660ec209.JPG", "IX20191024_112750_0912_0000375E.8179e3443464c2444c88.JPG", "IX20191023_140244_0641_0000373D.19bfd39e6412b6be144e.JPG", "IX20191023_140244_0641_0000373D.c70199560a361e22b2f6.JPG", "IS20190911_143430_0468_0000327C.129c132d7861926c0c58.JPG", "IS20190911_143430_0468_0000327C.0ba57b63419b6f2535d7.JPG"], "all_boxes": [{"predictions": {"_type": "boxes2D", "path": "media/metadata/boxes2D/BoundingBoxDebugger_11_00.boxes2D.json", "sha256": "19b0d335de07b97e04231c421122cf6138d9a75ebb87ab9acaee39df7dd2c8c8", "size": 52877}}, {"predictions": {"_type": "boxes2D", "path": "media/metadata/boxes2D/BoundingBoxDebugger_11_10.boxes2D.json", "sha256": "19b0d335de07b97e04231c421122cf6138d9a75ebb87ab9acaee39df7dd2c8c8", "size": 52877}}, {"predictions": {"_type": "boxes2D", "path": "media/metadata/boxes2D/BoundingBoxDebugger_11_20.boxes2D.json", "sha256": "19b0d335de07b97e04231c421122cf6138d9a75ebb87ab9acaee39df7dd2c8c8", "size": 52877}}, {"predictions": {"_type": "boxes2D", "path": "media/metadata/boxes2D/BoundingBoxDebugger_11_30.boxes2D.json", "sha256": "19b0d335de07b97e04231c421122cf6138d9a75ebb87ab9acaee39df7dd2c8c8", "size": 52877}}, {"predictions": {"_type": "boxes2D", "path": "media/metadata/boxes2D/BoundingBoxDebugger_11_40.boxes2D.json", "sha256": "19b0d335de07b97e04231c421122cf6138d9a75ebb87ab9acaee39df7dd2c8c8", "size": 52877}}, {"predictions": {"_type": "boxes2D", "path": "media/metadata/boxes2D/BoundingBoxDebugger_11_50.boxes2D.json", "sha256": "19b0d335de07b97e04231c421122cf6138d9a75ebb87ab9acaee39df7dd2c8c8", "size": 52877}}, {"predictions": {"_type": "boxes2D", "path": "media/metadata/boxes2D/BoundingBoxDebugger_11_60.boxes2D.json", "sha256": "19b0d335de07b97e04231c421122cf6138d9a75ebb87ab9acaee39df7dd2c8c8", "size": 52877}}, {"predictions": {"_type": "boxes2D", "path": "media/metadata/boxes2D/BoundingBoxDebugger_11_70.boxes2D.json", "sha256": "852937d5d4dbcb54bc4b52378acb1bd8c182e419c2d2e425071f7b37e44c29b7", "size": 59739}}, {"predictions": {"_type": "boxes2D", "path": "media/metadata/boxes2D/BoundingBoxDebugger_11_80.boxes2D.json", "sha256": "852937d5d4dbcb54bc4b52378acb1bd8c182e419c2d2e425071f7b37e44c29b7", "size": 59739}}, {"predictions": {"_type": "boxes2D", "path": "media/metadata/boxes2D/BoundingBoxDebugger_11_90.boxes2D.json", "sha256": "7b9d52d3911eb772ea01a5754e8964c144dcca3f40d2e7f19ee6abd59d49e18d", "size": 43656}}, {"predictions": {"_type": "boxes2D", "path": "media/metadata/boxes2D/BoundingBoxDebugger_11_100.boxes2D.json", "sha256": "7b9d52d3911eb772ea01a5754e8964c144dcca3f40d2e7f19ee6abd59d49e18d", "size": 43656}}, {"predictions": {"_type": "boxes2D", "path": "media/metadata/boxes2D/BoundingBoxDebugger_11_110.boxes2D.json", "sha256": "7b9d52d3911eb772ea01a5754e8964c144dcca3f40d2e7f19ee6abd59d49e18d", "size": 43656}}, {"predictions": {"_type": "boxes2D", "path": "media/metadata/boxes2D/BoundingBoxDebugger_11_120.boxes2D.json", "sha256": "39018da1dca1ff8dd441226664539c57a1ece893e38e16227208e3a3b6229684", "size": 59314}}, {"predictions": {"_type": "boxes2D", "path": "media/metadata/boxes2D/BoundingBoxDebugger_11_130.boxes2D.json", "sha256": "39018da1dca1ff8dd441226664539c57a1ece893e38e16227208e3a3b6229684", "size": 59314}}, {"predictions": {"_type": "boxes2D", "path": "media/metadata/boxes2D/BoundingBoxDebugger_11_140.boxes2D.json", "sha256": "5e880ed63d890585ffc1603ecd61b24a50697176977cc54717787cd0ab0a47f6", "size": 54500}}, {"predictions": {"_type": "boxes2D", "path": "media/metadata/boxes2D/BoundingBoxDebugger_11_150.boxes2D.json", "sha256": "5e880ed63d890585ffc1603ecd61b24a50697176977cc54717787cd0ab0a47f6", "size": 54500}}]}, "_wandb": {"runtime": 1326}}